{
    "ambientocclusion": false,
    "textures": {
        "particle": "harvestcraft:blocks/candleDeco7",
	"candleDeco7": "harvestcraft:blocks/candleDeco7"
    },
    "elements": [
        {   "from": [ 7, 0, 7 ],
            "to": [ 9, 10, 9 ],
            "faces": {
                "down": { "uv": [ 7, 13, 9, 15 ], "texture": "#candleDeco7" },
                "up":   { "uv": [ 7,  6, 9,  8 ], "texture": "#candleDeco7" }
            }
        },
        {   "from": [ 7, 0, 0 ],
            "to": [ 9, 16, 16 ],
            "faces": {
                "west": { "uv": [ 0, 0, 16, 16 ], "texture": "#candleDeco7" },
                "east": { "uv": [ 0, 0, 16, 16 ], "texture": "#candleDeco7" }
            }
        },
        {   "from": [ 0, 0, 7 ],
            "to": [ 16, 16, 9 ],
            "faces": {
                "north": { "uv": [ 0, 0, 16, 16 ], "texture": "#candleDeco7" },
                "south": { "uv": [ 0, 0, 16, 16 ], "texture": "#candleDeco7" }
            }
        }
    ]
}