{
    "__comment": "Model generated using MrCrayfish's Model Creator (http://mrcrayfish.com/modelcreator/)",
    "parent": "block/block",
    "textures": {
        "0": "harvestcraft:blocks/crate_texture",
        "1": "harvestcraft:blocks/crate_bottom",
        "particle": "harvestcraft:blocks/crate_texture"
    },
    "elements": [
        {
            "name": "Cube",
            "from": [ 2.0, 2.0, 0.0 ], 
            "to": [ 14.0, 16.0, 2.0 ], 
            "faces": {
                "north": { "texture": "#0", "uv": [ 2.0, 0.0, 14.0, 14.0 ] },
                "east": { "texture": "#0", "uv": [ 0.0, 0.0, 2.0, 14.0 ] },
                "south": { "texture": "#0", "uv": [ 2.0, 0.0, 14.0, 14.0 ] },
                "west": { "texture": "#0", "uv": [ 14.0, 0.0, 16.0, 14.0 ] },
                "up": { "texture": "#0", "uv": [ 2.0, 2.0, 14.0, 4.0 ] },
                "down": { "texture": "#0", "uv": [ 2.0, 3.0, 14.0, 5.0 ] }
            }
        },
        {
            "name": "Cube",
            "from": [ 2.0, 2.0, 14.0 ], 
            "to": [ 14.0, 16.0, 16.0 ], 
            "faces": {
                "north": { "texture": "#0", "uv": [ 2.0, 0.0, 14.0, 14.0 ] },
                "east": { "texture": "#0", "uv": [ 14.0, 0.0, 16.0, 14.0 ] },
                "south": { "texture": "#0", "uv": [ 2.0, 0.0, 14.0, 14.0 ] },
                "west": { "texture": "#0", "uv": [ 0.0, 0.0, 2.0, 14.0 ] },
                "up": { "texture": "#0", "uv": [ 2.0, 3.0, 14.0, 5.0 ] },
                "down": { "texture": "#0", "uv": [ 2.0, 2.0, 14.0, 4.0 ] }
            }
        },
        {
            "name": "Cube",
            "from": [ 0.0, 2.0, 2.0 ], 
            "to": [ 2.0, 16.0, 14.0 ], 
            "faces": {
                "north": { "texture": "#0", "uv": [ 0.0, 0.0, 2.0, 14.0 ] },
                "east": { "texture": "#0", "uv": [ 2.0, 0.0, 14.0, 14.0 ] },
                "south": { "texture": "#0", "uv": [ 14.0, 0.0, 16.0, 14.0 ] },
                "west": { "texture": "#0", "uv": [ 2.0, 0.0, 14.0, 14.0 ] },
                "up": { "texture": "#0", "uv": [ 14.0, 2.0, 16.0, 14.0 ] },
                "down": { "texture": "#0", "uv": [ 0.0, 2.0, 2.0, 14.0 ] }
            }
        },
        {
            "name": "Cube",
            "from": [ 14.0, 2.0, 2.0 ], 
            "to": [ 16.0, 16.0, 14.0 ], 
            "faces": {
                "north": { "texture": "#0", "uv": [ 14.0, 0.0, 16.0, 14.0 ] },
                "east": { "texture": "#0", "uv": [ 2.0, 0.0, 14.0, 14.0 ] },
                "south": { "texture": "#0", "uv": [ 0.0, 0.0, 2.0, 14.0 ] },
                "west": { "texture": "#0", "uv": [ 2.0, 0.0, 14.0, 14.0 ] },
                "up": { "texture": "#0", "uv": [ 0.0, 2.0, 2.0, 14.0 ] },
                "down": { "texture": "#0", "uv": [ 14.0, 2.0, 16.0, 14.0 ] }
            }
        },
        {
            "name": "Cube",
            "from": [ 0.0, 0.0, 0.0 ], 
            "to": [ 16.0, 2.0, 16.0 ], 
            "faces": {
                "north": { "texture": "#1", "uv": [ 0.0, 14.0, 16.0, 16.0 ] },
                "east": { "texture": "#1", "uv": [ 0.0, 14.0, 16.0, 16.0 ] },
                "south": { "texture": "#1", "uv": [ 0.0, 14.0, 16.0, 16.0 ] },
                "west": { "texture": "#1", "uv": [ 0.0, 14.0, 16.0, 16.0 ] },
                "up": { "texture": "#1", "uv": [ 0.0, 0.0, 16.0, 16.0 ] },
                "down": { "texture": "#1", "uv": [ 0.0, 0.0, 16.0, 16.0 ] }
            }
        },
        {
            "name": "Cube",
            "from": [ 14.0, 2.0, 0.0 ], 
            "to": [ 16.0, 16.0, 2.0 ], 
            "faces": {
                "north": { "texture": "#0", "uv": [ 0.0, 0.0, 2.0, 14.0 ] },
                "east": { "texture": "#0", "uv": [ 14.0, 0.0, 16.0, 14.0 ] },
                "south": { "texture": "#0", "uv": [ 0.0, 0.0, 2.0, 14.0 ] },
                "west": { "texture": "#0", "uv": [ 0.0, 0.0, 2.0, 14.0 ] },
                "up": { "texture": "#0", "uv": [ 0.0, 1.0, 2.0, 3.0 ] },
                "down": { "texture": "#0", "uv": [ 0.0, 14.0, 2.0, 16.0 ] }
            }
        },
        {
            "name": "Cube",
            "from": [ 0.0, 2.0, 0.0 ], 
            "to": [ 2.0, 16.0, 2.0 ], 
            "faces": {
                "north": { "texture": "#0", "uv": [ 14.0, 0.0, 16.0, 14.0 ] },
                "east": { "texture": "#0", "uv": [ 0.0, 0.0, 2.0, 14.0 ] },
                "south": { "texture": "#0", "uv": [ 0.0, 0.0, 2.0, 14.0 ] },
                "west": { "texture": "#0", "uv": [ 0.0, 0.0, 2.0, 14.0 ] },
                "up": { "texture": "#0", "uv": [ 13.0, 1.0, 15.0, 3.0 ] },
                "down": { "texture": "#0", "uv": [ 0.0, 14.0, 2.0, 16.0 ] }
            }
        },
        {
            "name": "Cube",
            "from": [ 0.0, 2.0, 14.0 ], 
            "to": [ 2.0, 16.0, 16.0 ], 
            "faces": {
                "north": { "texture": "#0", "uv": [ 0.0, 0.0, 2.0, 14.0 ] },
                "east": { "texture": "#0", "uv": [ 0.0, 0.0, 2.0, 14.0 ] },
                "south": { "texture": "#0", "uv": [ 0.0, 0.0, 2.0, 14.0 ] },
                "west": { "texture": "#0", "uv": [ 14.0, 0.0, 16.0, 14.0 ] },
                "up": { "texture": "#0", "uv": [ 13.0, 12.0, 15.0, 14.0 ] },
                "down": { "texture": "#0", "uv": [ 0.0, 14.0, 2.0, 16.0 ] }
            }
        },
        {
            "name": "Cube",
            "from": [ 14.0, 2.0, 14.0 ], 
            "to": [ 16.0, 16.0, 16.0 ], 
            "faces": {
                "north": { "texture": "#0", "uv": [ 0.0, 0.0, 2.0, 14.0 ] },
                "east": { "texture": "#0", "uv": [ 0.0, 0.0, 2.0, 14.0 ] },
                "south": { "texture": "#0", "uv": [ 14.0, 0.0, 16.0, 14.0 ] },
                "west": { "texture": "#0", "uv": [ 0.0, 0.0, 2.0, 14.0 ] },
                "up": { "texture": "#0", "uv": [ 0.0, 12.0, 2.0, 14.0 ] },
                "down": { "texture": "#0", "uv": [ 0.0, 14.0, 2.0, 16.0 ] }
            }
        }
    ]
}