
{
    "variants": {
    	"inventory": [{"model": "harvestcraft:cheesecake_uneaten" }],
        "bites=0": { "model": "harvestcraft:cheesecake_uneaten" },
        "bites=1": { "model": "harvestcraft:cheesecake_slice1" },
        "bites=2": { "model": "harvestcraft:cheesecake_slice2" },
        "bites=3": { "model": "harvestcraft:cheesecake_slice3" },
        "bites=4": { "model": "harvestcraft:cheesecake_slice4" },
        "bites=5": { "model": "harvestcraft:cheesecake_slice5" },
        "bites=6": { "model": "harvestcraft:cheesecake_slice6" }
    }
}