
{
    "variants": {
    	"inventory": [{ "model": "harvestcraft:lamingtoncake_uneaten" }],
        "bites=0": { "model": "harvestcraft:lamingtoncake_uneaten" },
        "bites=1": { "model": "harvestcraft:lamingtoncake_slice1" },
        "bites=2": { "model": "harvestcraft:lamingtoncake_slice2" },
        "bites=3": { "model": "harvestcraft:lamingtoncake_slice3" },
        "bites=4": { "model": "harvestcraft:lamingtoncake_slice4" },
        "bites=5": { "model": "harvestcraft:lamingtoncake_slice5" },
        "bites=6": { "model": "harvestcraft:lamingtoncake_slice6" }
    }
}