
{
    "variants": {
    	"inventory": [{ "model": "harvestcraft:pavlovacake_uneaten" }],
        "bites=0": { "model": "harvestcraft:pavlovacake_uneaten" },
        "bites=1": { "model": "harvestcraft:pavlovacake_slice1" },
        "bites=2": { "model": "harvestcraft:pavlovacake_slice2" },
        "bites=3": { "model": "harvestcraft:pavlovacake_slice3" },
        "bites=4": { "model": "harvestcraft:pavlovacake_slice4" },
        "bites=5": { "model": "harvestcraft:pavlovacake_slice5" },
        "bites=6": { "model": "harvestcraft:pavlovacake_slice6" }
    }
}