
{
    "variants": {
    	"inventory": [{ "model": "harvestcraft:pineappleupsidedowncake_uneaten" }],
        "bites=0": { "model": "harvestcraft:pineappleupsidedowncake_uneaten" },
        "bites=1": { "model": "harvestcraft:pineappleupsidedowncake_slice1" },
        "bites=2": { "model": "harvestcraft:pineappleupsidedowncake_slice2" },
        "bites=3": { "model": "harvestcraft:pineappleupsidedowncake_slice3" },
        "bites=4": { "model": "harvestcraft:pineappleupsidedowncake_slice4" },
        "bites=5": { "model": "harvestcraft:pineappleupsidedowncake_slice5" },
        "bites=6": { "model": "harvestcraft:pineappleupsidedowncake_slice6" }
    }
}