
{
    "variants": {
    	"inventory": [{ "model": "harvestcraft:pumpkincheesecake_uneaten" }],
        "bites=0": { "model": "harvestcraft:pumpkincheesecake_uneaten" },
        "bites=1": { "model": "harvestcraft:pumpkincheesecake_slice1" },
        "bites=2": { "model": "harvestcraft:pumpkincheesecake_slice2" },
        "bites=3": { "model": "harvestcraft:pumpkincheesecake_slice3" },
        "bites=4": { "model": "harvestcraft:pumpkincheesecake_slice4" },
        "bites=5": { "model": "harvestcraft:pumpkincheesecake_slice5" },
        "bites=6": { "model": "harvestcraft:pumpkincheesecake_slice6" }
    }
}